dataset,description,dataset_raw
NYC_Issued_Licenses.geojson,"Issued Business Licenses – active NYC Department of Consumer and Worker Protection (DCWP) business licenses. The Issued Licenses Dataset — a citywide registry of business licenses issued by various NYC agencies, covering commercial establishments, services, and regulated businesses. More information about how this dataset was generated can be found here.",1yod-q658.geojson
2020_doe_high_school_directory.geojson,Directory of Department of Education High Schools in 2020.,23z9-6uk9.geojson
dsny_special_waste_drop_off_sites.geojson,"Location of DSNY Special Waste Drop-Off Sites. For hours of operation, what to bring, and rules and procedures, please see: https://www.nyc.gov/site/dsny/what-we-do/programs/special-waste-drop-off.page.",242c-ru4i.geojson
NYC_HVI.geojson,Heat Vulnerability Index (including geometry) More information about how this dataset was generated can be found here.,2ztn-w637.geojson
street_closures_due_to_construction_activities_by_intersection.geojson,"DOT Street Closure data identifies locations in the New York City Street Closure map where a street is subject to a full closure, restricting through traffic, for the purpose of conducting construction related activity on a City street. Details about DOT construction permits can be found at Street Works Manual, http://streetworksmanual.nyc. Full Closure Permits are issued for a period of time during which the street may be closed to through traffic for only a portion of the time, and open at other times.",478a-yykk.geojson
forestry_inspections.geojson,Record of Forestry inspections for NYC Parks & Recreation. Inspections are initiated by a service request or internal process and may result in a work order. Inspections are used to record field observations. ForMS 2.0 requires that Inspections can only be created from either a Tree Point or Planting Space based on the asset in question. Inspection types vary depending on the inspector’s workflow: • level 1 (limited visual) • level 2 (basic) • level 3 (advanced) • Re-inspection • Sidewalk Rating (Trees and Sidewalks Inspections) • General – Planting Space (Street Tree Planting Inspections) This dataset can be joined to the Forestry Tree Points dataset by joining TreePointGlobalID from Forestry Inspections to GLOBALID from Forestry Tree Points. User guide: https://docs.google.com/document/d/1PVPWFi-WExkG3rvnagQDoBbqfsGzxCKNmR6n678nUeU/edit?usp=sharing Data dictionary: https://docs.google.com/spreadsheets/d/1yMfZgcsrvx9M0b3-ZdEQ3WCk2dFxgitCWytTrJSwEAs/edit?usp=sharing,4pt5-3vv4.geojson
NYC_vehicle_collisions_crashes.geojson,"NYC Vehicle Collisions Note:This data can not be loaded using load_data(). This dataset contains detailed records of motor vehicle collisions in New York City, collected by the NYPD. It includes information such as the date and time of the incident, location (borough, latitude, longitude), contributing factors, types of vehicles involved, and counts of persons injured or killed. It is a vital resource for traffic safety analysis, urban planning, and policy-making related to… See the full description on the dataset page: https://huggingface.co/datasets/oscur/NYC_vehicle_collisions_issue.",4vub-j903.geojson
moving_violation_b_summons_year_to_date.geojson,Moving violation summonses issued by the NYPD. This dataset documents the issuance of moving violations (B summonses) by the NYPD. The data is collected from members of service upon completion of the New York State form. Each record represents a summons (violation). The data can be used for analyzing traffic enforcement activity by the NYPD.,57p3-pdcj.geojson
nyc_dot_pedestrian_plazas_point_feature.geojson,A shapefile with all DOT pedestrian plaza locations across New York City in point feature.,5dck-9m6g.geojson
NYC_poverty_rate.geojson,"Socioeconomic and Demographic Dataset This data element integrates multiple ACS profile tables (Demographics, Economics, Housing, and Social Characteristics) with NYC Neighborhood Tabulation Area (NTA) geometries. The ACS profiles provide population, housing, labor force, and social statistics. The NTA geometry dataset supplies official 2020 NTA boundaries in polygon format. The result is a single wide-format dataset keyed by NTA_code, with all attributes grouped, aligned… See the full description on the dataset page: https://huggingface.co/datasets/oscur/NYC_socioeconomic_and_demographic.",5h9s-2g4c.geojson
canine_waste_dispensers.geojson,"• One line of data represents the location of a canine waste bag dispenser, including what surface it is mounted on, who refills it, who made it, and when it was installed. • Data is collected by analysts located in each borough and collated by Parks’ Innovation & Performance Management team. • Data is updated as needed using an ArcGIS Online web application. • Records for dispensers that are no longer active have been removed • Not all records have an installation date. Records will only have an OMPPropID and SubProperty name if they fall within the bounds of a sub property.",5npv-j6gn.geojson
nypd_complaint_data_current_year_to_date.geojson,"This dataset includes all valid felony, misdemeanor, and violation crimes reported to the New York City Police Department (NYPD) for all complete quarters so far this year (2019). For additional details, please see the attached data dictionary in the ‘About’ section.",5uac-w243.geojson
shootings_2006_present.geojson,"This dataset is part of a data collection that includes three related datasets covering shootings, shooting victims, and shooting offenders. For the complete data collection, please follow this link . This dataset identifies every shooting incident that occurred in NYC since 2006.",5ucz-vwe8.geojson
parking_meters_locations_and_status.geojson,"Multiple space muni-meters located along streets and municipal parking facilities where metered parking are available. For any parking meter complaint, please visit the 311 website .",693u-uax6.geojson
dohmh_covid_19_antibody_by_modified_zip_code_tabulation_area.geojson,"This dataset contains information on antibody testing for COVID-19: the number of people who received a test, the number of people with positive results, the percentage of people tested who tested positive, and the rate of testing per 100,000 people, stratified by modified ZIP Code Tabulation Area (ZCTA) of residence. Modified ZCTA reflects the first non-missing address within NYC for each person reported with an antibody test result. This unit of geography is similar to ZIP codes but combines census blocks with smaller populations to allow more stable estimates of population size for rate calculation. It can be challenging to map data that are reported by ZIP Code. A ZIP Code doesn’t refer to an area, but rather a collection of points that make up a mail delivery route. Furthermore, there are some buildings that have their own ZIP Code, and some non-residential areas with ZIP Codes. To deal with the challenges of ZIP Codes, the Health Department uses ZCTAs which solidify ZIP codes into units of area. Often, data reported by ZIP code are actually mapped by ZCTA. The ZCTA geography was developed by the U.S. Census Bureau. These data can also be accessed here: https://github.com/nychealth/coronavirus-data/blob/master/totals/antibody-by-modzcta.csv Exposure to COVID-19 can be detected by measuring antibodies to the disease in a person’s blood, which can indicate that a person may have had an immune response to the virus. Antibodies are proteins produced by the body’s immune system that can be found in the blood. People can test positive for antibodies after they have been exposed, sometimes when they no longer test positive for the virus itself. It is important to note that the science around COVID-19 antibody tests is evolving rapidly and there is still much uncertainty about what individual antibody test results mean for a single person and what population-level antibody test results mean for understanding the epidemiology of COVID-19 at a population level. These data only provide information on people tested. People receiving an antibody test do not reflect all people in New York City; therefore, these data may not reflect antibody prevalence among all New Yorkers. Increasing instances of screening programs further impact the generalizability of these data, as screening programs influence who and how many people are tested over time. Examples of screening programs in NYC include: employers screening their workers (e.g., hospitals), and long-term care facilities screening their residents. In addition, there may be potential biases toward people receiving an antibody test who have a positive result because people who were previously ill are preferentially seeking testing, in addition to the testing of persons with higher exposure (e.g., health care workers, first responders) Rates were calculated using interpolated intercensal population estimates updated in 2019. These rates differ from previously reported rates based on the 2000 Census or previous versions of population estimates. The Health Department produced these population estimates based on estimates from the U.S. Census Bureau and NYC Department of City Planning. Antibody tests are categorized based on the date of specimen collection and are aggregated by full weeks starting each Sunday and ending on Saturday. For example, a person whose blood was collected for antibody testing on Wednesday, May 6 would be categorized as tested during the week ending May 9. A person tested twice in one week would only be counted once in that week. This dataset includes testing data beginning April 5, 2020. Data are updated daily, and the dataset preserves historical records and source data changes, so each extract date reflects the current copy of the data as of that date. For example, an extract date of 11/04/2020 and extract date of 11/03/2020 will both contain all records as they were as of that extract date. Without filtering or grouping by extract date, an analysis will almost certainly be miscalculating or counting the same values multiple times. To analyze the most current data, only use the latest extract date. Antibody tests that are missing dates are not included in the dataset; as dates are identified, these events are added. Lags between occurrence and report of cases and tests can be assessed by comparing counts and rates across multiple data extract dates. For further details, visit: • https://www1.nyc.gov/site/doh/covid/covid-19-data.page • https://github.com/nychealth/coronavirus-data • https://data.cityofnewyork.us/Health/Modified-Zip-Code-Tabulation-Areas-MODZCTA-/pri4-ifjk",6qs8-44ki.geojson
street_pavement_rating.geojson,"The Agency performs ongoing assessments of New York City street pavement. Ratings are based on a scale from 1 to 10, and results are grouped in the following categories: - Good (%) - ratings of 8.00 to 10 - Fair (%) - ratings of 4.00 to 7.00 (except on local streets where a 7 is good) - Poor (%) - ratings of 1.00 to 3.00. Inspectors rate roadway pavement conditions throughout the five boroughs using the scale above.",6yyb-pb25.geojson
2010_yellow_taxi_trip_data.geojson,"These records are generated from the trip record submissions made by yellow taxi Technology Service Providers (TSPs). Each row represents a single trip in a yellow taxi. The trip records include fields capturing pick-up and drop-off dates/times, pick-up and drop-off taxi zone locations, trip distances, itemized fares, rate types, payment types, and driver-reported passenger counts.",74wj-s5ij.geojson
NYC_housing_units.geojson,,7kqm-p184.geojson
forestry_planting_spaces.geojson,"Record of Forestry planting spaces for NYC Parks & Recreation. Tree Points and Planting Spaces form the basis of ForMS 2.0’s data inventory and are the core entities that all Service Requests, Inspections, and Work Orders are associated to. The system has built-in rules to ensure that every Tree Point has a Planting Space and each Planting Space can have no more than one active Tree Point at a given time. Locations that have had one tree removed and another tree replanted will appear in ForMS 2.0 as a single Planting Space associated with one retired Tree Point (that has a removal Work Order) and one active Tree Point. User guide: https://docs.google.com/document/d/1PVPWFi-WExkG3rvnagQDoBbqfsGzxCKNmR6n678nUeU/edit?usp=sharing Data dictionary: https://docs.google.com/spreadsheets/d/1yMfZgcsrvx9M0b3-ZdEQ3WCk2dFxgitCWytTrJSwEAs/edit?usp=sharing",82zj-84is.geojson
archived_nypd_shooting_incident_data_historic.geojson,"NOTE: This NYPD Shooting Incident dataset was replaced with three related datasets – for shootings, shooting victims, and shooting offenders. The new structure should be clearer and easier to use, especially for shootings with multiple victims or multiple offenders. Please follow this link for the most current available information. List of every shooting incident that occurred in NYC going back to 2006 through the end of the previous calendar year. This is a breakdown of every shooting incident that occurred in NYC going back to 2006 through the end of the previous calendar year. This data is manually extracted every quarter and reviewed by the Office of Management Analysis and Planning before being posted on the NYPD website. Each record represents a shooting incident in NYC and includes information about the event, the location and time of occurrence. In addition, information related to suspect and victim demographics is also included. This data can be used by the public to explore the nature of shooting/criminal activity. Please refer to the attached data footnotes for additional information about this dataset.",833y-fsy8.geojson
nypd_arrests_data_historic.geojson,"List of every arrest in NYC going back to 2006 through the end of the previous calendar year. This is a breakdown of every arrest effected in NYC by the NYPD going back to 2006 through the end of the previous calendar year. This data is manually extracted every quarter and reviewed by the Office of Management Analysis and Planning before being posted on the NYPD website. Each record represents an arrest effected in NYC by the NYPD and includes information about the type of crime, the location and time of enforcement. In addition, information related to suspect demographics is also included. This data can be used by the public to explore the nature of police enforcement activity. Please refer to the attached data footnotes for additional information about this dataset.",8h9b-rp9u.geojson
NYC_automated_traffic_volume_counts.geojson,"Automated Traffic Volume Counts This dataset contains traffic volume counts captured automatically. New York City Department of Transportation (NYC DOT) uses Automated Traffic Recorders (ATR) to collect traffic sample volume counts at bridge crossings and roadways.These counts do not cover the entire year, and the number of days counted per location may vary from year to year. Source:… See the full description on the dataset page: https://huggingface.co/datasets/oscur/automated-traffic-volume-counts.",8hca-m742.geojson
leaf_drop_off_locations_in_nyc.geojson,,8i9k-4gi5.geojson
exclusive_pedestrian_signal_barnes_dance_locations.geojson,Exclusive Pedestrian Signal or Barnes Dance are installed at traffic intersections to allow pedestrian exclusive time to cross the street at all directions while stopping all traffic.,8kuj-2n3u.geojson
dsny_litter_basket_inventory.geojson,"Locations and types of refuse litter baskets tracked by DSNY. This data is collected through periodic surveys by DSNY field personnel. For more information about NYC rules and regulations about litter and litter baskets, please see: https://www.nyc.gov/site/dsny/what-we-do/cleaning/litter-baskets.page . Each record represents the approximate location, ownership, and physical type of a single refuse litter basket. Litter basket locations are subject to frequent change, for reasons that include but are not limited to litter basket damage; nearby construction; graffiti; and/or persistent, illegal use of basket for household or commercial waste. There is often a lag time between a change in basket type or location and the reflection of that change in this dataset. This dataset includes information on BID-owned and Privately-owned litter baskets. Non-profit and private entities wishing to place a litter basket on a public street must receive permission from the Department of Sanitation. This dataset does not track public litter baskets placed by other City, State, or Federal agencies, notably the NYC Department of Parks and Recreation. Recycling baskets are also not tracked in this dataset.",8znf-7b2c.geojson
2018_2019_school_locations.geojson,2018 - 2019 School Locations,9ck8-hj3u.geojson
NYC_bicycle_counts.geojson,Bicycle Counts Dataset The Bicycle Counts dataset was merged with the Bicycle Counters dataset on the shared id field to assign geographic coordinates. More information about how this dataset was generated can be found here.,9h6s-2g4c.geojson
capital_projects_database_cpdb_projects_polygons.geojson,"The Capital Projects Database reports information at the project level on discrete capital investments from the Capital Commitment Plan.Each row is uniquely identified by its Financial Management Service (FMS) ID, and contains data pertaining to the sponsoring and managing agency. To explore the data, please visit Capital Planning Explorer For additional information, please visit A Guide to The Capital Budget All previously released versions of this data are available on the DCP Website: BYTES of the BIG APPLE . Current version: 26pre",9jkp-n57r.geojson
NYC_pedestrian_counts.geojson,Pedestrian Counts Dataset The Bi-Annual Pedestrian Counts dataset already contained location information and was preserved as-is. More information about how this dataset was generated can be found here.,9rle-x521.geojson
2019_2020_school_point_locations.geojson,"This is an ESRI shape file of school point locations based on the official address. It includes some additional basic and pertinent information needed to link to other data sources. It also includes some basic school information such as Name, Address, Principal, and Principal’s contact information.",a3nt-yts4.geojson
parks_closure_status_due_to_covid_19_playgrounds.geojson,"In response to the COVID-19 pandemic, NYC Parks temporarily closed several amenities, including Playgrounds. This data collection contains the status of each Playground, and is subject to change. Although the data feed is refreshed daily, it may not reflect current conditions. Data Dictionary: https://docs.google.com/spreadsheets/d/1aaYE82BS-SYh-xjI-t_oyJcNEPFWJNPfdI7T220-rv4/edit#gid=1499621902",a4qt-mpr5.geojson
tlc_authorized_wheelchair_passenger_assistance_training_providers.geojson,"This is a list of authorized providers who offer the passenger assistance and wheelchair accessible vehicle training course that all new TLC driver license applicants (Yellow & Green Taxicab, Livery, Black Car, and Lux Limo) must complete as part of the education requirement.",ayeb-p4mv.geojson
nyc_clean_soil_bank_generating_and_receiving_sites.geojson,"Sites that have generated or received material from the NYC Clean Soil Bank, which enables the reuse within NYC of clean sediment from deep excavations.",b4dv-8mq4.geojson
NYC_air_pollution.geojson,,bclm-y564.geojson
forestry_work_orders.geojson,"Record of Forestry work orders for NYC Parks & Recreation. Work Orders are used to record activities performed by Parks staff, contractors, other Agencies, or private entities in the case of permitted work. ForMS 2.0 requires that WOs can only be created from an Inspection, with the exception of a Debris Removal – Misc. Wood WO where the associated tree cannot always be determined. This dataset can be joined to the Forestry Planting Spaces dataset by joining PlantingSpaceGlobalID from Forestry Work Orders to GLOBALID from Forestry Planting Spaces. User guide: https://docs.google.com/document/d/1PVPWFi-WExkG3rvnagQDoBbqfsGzxCKNmR6n678nUeU/edit?usp=sharing Data dictionary: https://docs.google.com/spreadsheets/d/1yMfZgcsrvx9M0b3-ZdEQ3WCk2dFxgitCWytTrJSwEAs/edit?usp=sharing",bdjm-n7q4.geojson
moving_violation_b_summons_historic.geojson,Moving violation summonses issued by the NYPD. This dataset documents the issuance of moving violations (B summonses) by the NYPD. The data is collected from members of service upon completion of the New York State form. Each record represents a summons (vioaltion). The data can be used for analyzing traffic enforcement activity by the NYPD.,bme5-7ty4.geojson
building_elevation_and_subgrade_bes.geojson,"The Building Elevation and Subgrade data contains New York City building centroids derived from the Department of Building's (DOB) February 26th, 2022 building footprint dataset. Each record contains a grade and first floor measurement for each building (recorded as feet above sea-level in the NADV88 vertical datum) and indicates if subgrade space exists. DCP contracted with an external data vendor to generate a single point, or centroid, that represented the location of the center of every building recorded in the DOB dataset. The dataset excluded the footprints of small accessory buildings such as sheds. Each row within the dataset represents one building centroid, and records the X and Y coordinates of that centroid in the NAD 1983 coordinate system.",bsin-59hv.geojson
individual_landmark_sites.geojson,This dataset contains site boundaries for all designated individual landmarks as well as administrative information such as site boundary description and designation date.,buis-pvji.geojson
NYC_median_household_income.geojson,,cazf-j392.geojson
nyc_parks_spray_showers.geojson,"This dataset provides the location of spray showers under the jurisdiction of NYC Parks. For more information about spray showers, visit https://www.nycgovparks.org/facilities/sprayshowers Data Dictionary: https://docs.google.com/spreadsheets/d/1q-MxMTrsE46Vdy-vea5lxCok8xD3Nd4zIvEI2KYgm08/edit?usp=sharing",ckaz-6gaa.geojson
department_for_the_aging_nyc_aging_all_contracted_providers.geojson,"The Department for the Aging (NYC Aging) provides a wide array of services to older adults (age 60 and older) in the five boroughs of New York City. To accomplish this, NYC Aging contracts out to external organizations (mainly non-profits) to provide the services. This dataset contains a listing of all Older Adult Center (formerly Senior Center), Abuse Prevention, Home Care, Legal Services, NORC, Transportation, Case Management, Home Delivered Meal and Caregiver contracts managed by NYC Aging in the current Fiscal Year. It also includes the contact information for the agencies providing the services.",cqc8-am9x.geojson
citywide_public_computer_centers.geojson,,cuzb-dmcd.geojson
local_law_8_of_2020_complaints_of_illegal_parking_of_vehicles_operated_on_behalf_of_the_city.geojson,"NOTE: This data does not present a full picture of 311 calls or service requests, in part because of operational and system complexities associated with remote call taking necessitated by the unprecedented volume 311 is handling during the Covid-19 crisis. The City is working to address this issue. A row level daily report of illegal parking by City vehicle or permit 311 Service Requests starting from 1/30/20.",cwy2-px8b.geojson
open_storefronts_applications_historical.geojson,"Program had ended. The Open Storefronts program assists existing ground-floor storefront businesses who want to use outdoor areas on a temporary bases due to the COVID-19 crisis. Note: Geospatial data is based on the application address, geocoding error may be the result from an incorrect address submission. For real time business application updates, please visit NYC Open Storefront dashboard: http://nycopenstorefronts.info/",d54t-ywim.geojson
nypd_calls_for_service_historic.geojson,"Calls for Service to NYPD's 911 system This dataset documents entries into the NYPD 911 system, ICAD. The data is collected from the ICAD system which call takers and dispatchers use to communicate with callers and the NYPD. Each record represents an entry into the system. The data includes entries generated by members of the public as well as self-initiated entries by NYPD Members of Service. The data can be used for issues being responded to by the NYPD.",d6zx-ckhd.geojson
street_seats_2014_2019.geojson,"Street Seats is a citywide program where partners apply to transform underused streets into vibrant, social public spaces between the months of March through December (the Season). Street Seats are installed in the roadbed along the curb line to create an attractive setting for eating, reading, working, meeting a friend or taking a rest. For additional information on Street Seats, please visit the DOT website: https://www1.nyc.gov/html/dot/html/pedestrians/streetseats.shtml For current data, please search for Street Seats (current year) This data was collected to track information regarding each locations and the partners that manage each StreetSeat. The data is collected via Excel and tracked throughout the Season. Each record represents one Street Seat location. This data can be used to geolocate all of the Street Seats within 2018 Season. The data gets updated throughout the Season to include more details.",d83i-6us7.geojson
accessible_pedestrian_signal_locations.geojson,NYC DOT's Accessible Pedestrian Signals (APS) are devices affixed to pedestrian signal poles to assist blind or low vision pedestrians in crossing the street. APS are wired to a pedestrian signal and send audible and vibrotactile indications when pedestrians push a botton installed at a crosswalk.,de3m-c5p4.geojson
dycd_program_sites.geojson,"This dataset provides a breakdown of all the Service Categories that are provided, and funded by DYCD. For each Service Category, the datasets list their DYCD business unit (Program Area), sub-divisions (Program Types), the DYCD-funded organization (Provider) that provide their respective services, and finally, the Program Sites where these services are available.",ebkm-iyma.geojson
pharmaceutical_and_syringe_drop_off_locations_in_nyc.geojson,"Locations where NYC residents can drop off their pharmaceuticals and syringes for safe disposal. For more information, see: https://www.nyc.gov/site/dsny/collection/get-rid-of/pharmaceutical-sharps-drop-off.page. Carefully place household sharps in leak-proof and puncture-resistant container labeled ""Home Sharps - not for recycling"". Bring to a collection center or drop-off site or discard as trash. ALL New York State hospitals and nursing homes are required by law to act as collection centers for used household sharps, including syringes and lancets, with no identification required.",edk2-vkjh.geojson
seating_locations.geojson,This dataset identifies the locations of DOT seating features throughout New York City including benches and leaning bars on sidewalks and at bus stops.,esmy-s8q5.geojson
2009_yellow_taxi_trip_data.geojson,"These records are generated from the trip record submissions made by yellow taxi Technology Service Providers (TSPs). Each row represents a single trip in a yellow taxi. The trip records include fields capturing pick-up and drop-off dates/times, pick-up and drop-off taxi zone locations, trip distances, itemized fares, rate types, payment types, and driver-reported passenger counts.",f9tw-8p66.geojson
parks_closure_status_due_to_covid_19_athletic_facilities.geojson,"In response to the COVID-19 pandemic, NYC Parks temporarily closed several amenities, including Athletic Facilities (e.g. basketball courts, tennis courts, fields, etc.). This data collection contains the status of each Athletic Facility, and is subject to change. Although the data feed is refreshed daily, it may not reflect current conditions. Data Dictionary: https://docs.google.com/spreadsheets/d/1aaYE82BS-SYh-xjI-t_oyJcNEPFWJNPfdI7T220-rv4/edit#gid=1499621902",g3xg-qtbc.geojson
real_time_passenger_information_sign_locations.geojson,"The Department of Transportation (DOT) replaces standard bus sign poles with Real Time Passenger Information (RTPI) bus signs at numerous locations throughout New York City. The project's initiative is to update the visual look of the current bus stop pole flag design by adding small LED screens next to each bus route that denote the number of minutes until the arrival of the next bus. Additionally, each sign includes a push-button activated audio announcement of the real-time bus arrival information.",g9jx-npbk.geojson
dsny_donatenyc_directory.geojson,"Sites listed in the DonateNYC Directory. For more information, see: https://www1.nyc.gov/assets/donate/site/Directory To reduce needless waste and increase diversion of reusable material from landfills, the NYC Department of Sanitation established donateNYC in 2016. donateNYC helps New Yorkers give goods, find goods, and do good, with tools that make it easy to donate or find used goods. By donating and reusing goods instead of discarding them, New Yorkers can greatly reduce waste, conserve energy and resources, save money, and help provide jobs and human services for New Yorkers in need. donateNYC is an essential part of NYC’s Zero Waste Goals. donateNYC also provides vital support for New York City’s reuse community, helping nonprofit organizations and local reuse businesses increase and promote their reuse efforts.",gkgs-za6m.geojson
tlc_driver_exam_testing_center_locations.geojson,"This is a list of locations where you can take the TLC Driver License Exam, which is administered by PSI Services. Certain locations may be operated by a third party",h922-d8e5.geojson
forestry_tree_points.geojson,"Record of Forestry tree points for NYC Parks & Recreation. Tree Points and Planting Spaces form the basis of ForMS 2.0’s data inventory and are the core entities that all Service Requests, Inspections, and Work Orders are associated to. The system has built-in rules to ensure that every Tree Point has a Planting Space and each Planting Space can have no more than one active Tree Point at a given time. Locations that have had one tree removed and another tree replanted will appear in ForMS 2.0 as a single Planting Space associated with one retired Tree Point (that has a removal Work Order) and one active Tree Point. This dataset can be joined to the Forestry Planting Spaces dataset by joining PlantingSpaceGlobalID from Forestry Tree Points to GLOBALID from Forestry Planting Spaces. User guide: https://docs.google.com/document/d/1PVPWFi-WExkG3rvnagQDoBbqfsGzxCKNmR6n678nUeU/edit?usp=sharing Data dictionary: https://docs.google.com/spreadsheets/d/1yMfZgcsrvx9M0b3-ZdEQ3WCk2dFxgitCWytTrJSwEAs/edit?usp=sharing",hn5i-inap.geojson
parks_signs.geojson,"One row of data represents a physical Sign (its location and attributes) that was surveyed or installed by NYC Parks. Data is collected and udpated on an ongoing basis per updates to signage policies, seasonal upgrades, and one-off requests. Some limitations to the data: missing photos of installed signs, occasional shifting of Points (geometry) surveyed by GIS and that NOT ALL SIGNS THAT HAVE BEEN INSTALLED ARE CURRENTLY CAPTURED IN THIS DATASET.",hv9n-xgy4.geojson
parks_closure_status_due_to_covid_19_comfort_stations.geojson,"In response to the COVID-19 pandemic, NYC Parks temporarily closed several amenities, including Comfort Stations. This data collection contains the status of a Comfort Station, and is subject to change. Although the data feed is refreshed daily, it may not reflect current conditions. Also note, this may not represent the entire universe of Parks comfort stations. Data Dictionary: https://docs.google.com/spreadsheets/d/1aaYE82BS-SYh-xjI-t_oyJcNEPFWJNPfdI7T220-rv4/edit#gid=1499621902",i5n2-q8ck.geojson
food_scrap_drop_off_locations_in_nyc.geojson,"Locations where NYC residents can drop off their food scraps to be composted. For more information, visit https://www.nyc.gov/site/dsny/collection/residents/food-scrap-drop-off.page.",if26-z6xq.geojson
childrens_play_areas_cpas.geojson,"This dataset represents Playgrounds with Dedicated Children's Areas in NYC Parks, previously known as Children’s Play Areas (CPAs). Each DCA is a designated space featuring play equipment specifically designed for children (i.e. play structures and spray showers) and is mapped as a geometric shape within a park property. While commonly known as playgrounds, the term ""playground"" is avoided because some properties or subproperties labeled as ""playgrounds"" may include features like adult fitness equipment or handball and basketball courts and may not contain play equipment for children. Explore the Data Dictionary Note: The schema and methodology of the dataset was updated in 2024, replacing the previous version from 2019. Play equipment is tracked via the Parks Inspection Program and the Capital Tracker. Parks that are currently rated by the Parks Inspection Program and contain play equipment are considered active Dedicated Children's Areas. Please see the All Sites (Mapped) dataset on Open Data for more detail.",j55h-3upk.geojson
nyc_bridge_strike_data.geojson,Bridge strike occurrences on New York City roadways that have low clearances.,jdn9-td9w.geojson
holiday_construction_embargo_intersection.geojson,"This dataset shows all street intersections with active construction embargo during the holiday season from November to January. For a list of all event construction embargo (including historical data), please use the Street Construction Permits- Stipulations dataset and search by the name of the event. Street Construction Permit- Stipulations: https://data.cityofnewyork.us/Transportation/Street-Construction-Permits-Stipulations/gsgx-6efw For the Holiday Embargo - Block dataset, please follow this link",jr6f-nsuv.geojson
street_and_highway_capital_reconstruction_projects_block.geojson,"This data is a spatial representation of street construction projects. Street and Highway capital projects are major street reconstruction projects, ranging from general street resurfacing projects to full reconstruction of the roadbed, sidewalks, sewer and water pipes and other utilities. Capital projects are essential to keep the City's infrastructure in a state of good repair.",jvk9-k4re.geojson
2012_yellow_taxi_trip_data.geojson,"These records are generated from the trip record submissions made by yellow taxi Technology Service Providers (TSPs). Each row represents a single trip in a yellow taxi. The trip records include fields capturing pick-up and drop-off dates/times, pick-up and drop-off taxi zone locations, trip distances, itemized fares, rate types, payment types, and driver-reported passenger counts.",kerk-3eby.geojson
city_bench_locations_historical.geojson,"CityBench is an initiative to increase the amount of public seating on New York City’s streets. Department of Transportation (DOT) installs attractive and durable benches around the city, particularly at bus stops, retail corridors, and in areas with high concentrations of senior citizens.",kuxa-tauh.geojson
2017_2018_schools_nypd_crime_data_report.geojson,2017 - 2018 Schools NYPD Crime Data Report,kwvk-z7i9.geojson
NYC_students_performing_math.geojson,,lqhe-p529.geojson
dsny_disposal_vendors.geojson,"The vendors used to discard various materials (refuse, paper, metal/glass/plastic, organics, construction & demolition) collected by DSNY.",mf9g-zhbw.geojson
NYPD_arrests_data.geojson,,mhrs-p190.geojson
NYC_crime_rate_property.geojson,,mtek-r581.geojson
forestry_service_requests.geojson,"Record of Forestry service requests for NYC Parks & Recreation. Two-way integration with 311 is maintained in ForMS 2.0. Forestry related Service Requests (SRs) created by a 311 operator or submitted by the caller through either the 311 website, 311 phone app, or the Parks website stream into the system. Conversely, updates are sent from ForMS 2.0 to 311 when SRs are actioned. Service Requests can be created directly in ForMS 2.0, however, it is important to note that they will NOT receive a 311 SEIBEL number or be visible in 311. Internally generated SRs should be used to track correspondence, commissioner, or other requests that do not originate from 311. User guide: https://docs.google.com/document/d/1PVPWFi-WExkG3rvnagQDoBbqfsGzxCKNmR6n678nUeU/edit?usp=sharing Data dictionary: https://docs.google.com/spreadsheets/d/1yMfZgcsrvx9M0b3-ZdEQ3WCk2dFxgitCWytTrJSwEAs/edit?usp=sharing",mu46-p9is.geojson
nypd_criminal_court_summons_incident_level_data_year_to_date.geojson,"List of every criminal summons issued in NYC during the current calendar year. This is a breakdown of every criminal summons issued in NYC by the NYPD during the current calendar year. This data is manually extracted every quarter and reviewed by the Office of Management Analysis and Planning before being posted on the NYPD website. Each record represents a criminal summons issued in NYC by the NYPD and includes information about the type of crime, the location and time of enforcement. In addition, information related to suspect demographics is also included. This data can be used by the public to explore the nature of police enforcement activity. Please refer to the attached data footnotes for additional information about this dataset.",mv4k-y93f.geojson
designated_and_calendared_buildings_and_sites.geojson,"Provides information on all items designated or under consideration for designation (i.e. calendared) by the New York City Landmarks Preservation Commission (LPC). This dataset contains information on all items designated or under consideration for designation (i.e. calendared) by the New York City Landmarks Preservation Commission (LPC). The dataset contains records for each individual, scenic, or interior landmark, as well as properties or sites located within the boundaries of historic districts. Please note that points in this dataset represent individual buildings in addition to non-building sites (such as vacant lots or monuments) regulated by LPC. It is possible for a single property to have multiple designations (such as individual and interior designations, or individual and historic district). For this reason, it is not uncommon to see multiple points on a single tax lot and multiple records for a single property within the database. Please pay close attention to the ""MOST_CURRENT,"" ""BBL_STATUS and ""LAST_ACTION_ON_LP"" fields, which together denote the designation status of a site/property (see Attribute Definitions for more information). The geographic locations of the points in this dataset are derived primarily from the Department of City Planning's PLUTO data in combination with the Department of Information Technology & Telecommunication's building footprint information. Because this dataset is not automatically updated when changes occur in the underlying dataset, BIN numbers and tax lot information are potentially out of date. Please pay close attention to the field descriptions present in the file's metadata to understand how to use this data set. Time values are auto-generated and do not reflect the official time of any LPC action, including designation or calendaring.",ncre-qhxs.geojson
hurricane_evacuation_centers.geojson,"This dataset shows hurricane evacuation centers. Persons requiring shelter during a hurricane are processed at a hurricane evacuation center and then transported to a hurricane shelter. In the event of a hurricane, the status of these hurricane evacuation centers should be confirmed at www.nyc.gov or by calling 311.",p5md-weyf.geojson
tlc_approved_labcorp_patient_services_drug_test_locations.geojson,"List of TLC approved LabCorp Drug Test Locations. For inquiries about the contents of this dataset, please email tlccompliance@tlc.nyc.gov",pe54-wf39.geojson
dob_now_certificate_of_occupancy.geojson,"This data set includes certificates of occupancy issued through the New York City Department of Buildings' DOB NOW: Certificate of Occupancy module. This module was released in March of 2021, anbd from that point onward this data set should be utilized instead of the ""DOB Certificate of Occupancy"" data set. The data is collected because the Department of Buildings tracks Certificates of Occupancies issued. This data include items such as job filing name, job filing label, BIN, Address, and Certificate of Occupancy status, sequence, label, and issuance date. ""A Certificate of Occupancy (CO) states a legal use and/or type of permitted occupancy of a building. New buildings must have a CO, and existing buildings must have a current or amended CO when there is a change in use, egress or type of occupancy. No one may legally occupy a building until the Department has issued a CO or Temporary Certificate of Occupancy (TCO). A CO confirms that the completed work complies with all applicable laws, all paperwork has been completed, all fees owed to the Department have been paid, all relevant violations have been resolved, and all necessary approvals have been received from other City Agencies. The Department issues a final CO when the completed work matches the submitted plans for new buildings or major alterations.""",pkdm-hqz6.geojson
parks_closure_status_due_to_covid_19_skate_parks.geojson,"In response to the COVID-19 pandemic, NYC Parks temporarily closed several amenities, including Skate Parks. This data collection contains the status of each Skate Park, and is subject to change. Although the data feed is refreshed daily, it may not reflect current conditions. Data Dictionary: https://docs.google.com/spreadsheets/d/1aaYE82BS-SYh-xjI-t_oyJcNEPFWJNPfdI7T220-rv4/edit#gid=1185967183",pvvr-75zk.geojson
scenic_landmarks.geojson,"Provides boundary information regarding all scenic landmarks that have been calendared, heard, or designated by the Landmarks Preservation Commission, or for which an LP number has been issued.",qexa-qpj6.geojson
nyc_parks_drinking_fountains.geojson,Each record is either an individual drinking fountain or multiple drinking fountains that are attached to each other. NYC Parks created the dataset using collector for arcgis. All outdoor drinking fountains in parks were collected and a rigorous QA/QC process followed. In addition to the GPS coordinates the dataset includes descriptions of its physical environment and attributes about the drinking fountain itself. User guide: https://drive.google.com/open?id=1whu6gzwBbinNuoBx6FLpaaGOy4cdecOrjRdJEsHwJn8 Data Dictionary: https://drive.google.com/open?id=1s7VSUHDJsGcHNghzllmdFgdwEMX2Zps_ygqSMMzfVgo,qnv7-p7a2.geojson
NYC_crime_rate_per_1000_residents.geojson,,qvna-w243.geojson
parks_syringe_disposal_kiosks.geojson,"• One line of data represents single syringe collection kiosk location, its capacity, how it is mounted, and when it was installed. • Data is collected via an ArcGIS Online web application. • Data is updated as necessary as kiosks are installed, moved, or removed. However, there is a delay between these actions happening and when the data is updated to reflect them. • The installation date is known to be incomplete. Minor shifts in kiosk locations do not typically entail the creation of a new record, rather the point is simply moved. This is part of the NYC Parks Syringe Litter Data Collection: https://data.cityofnewyork.us/browse?Data-Collection_Data-Collection=NYC+Parks+Syringe+Litter&q= You can find the complete data dictionary at https://docs.google.com/spreadsheets/d/1VSUqd1peSc-4D2XnBZNiLdxa0Jg4z62D/edit?usp=sharing&ouid=100172030647057411202&rtpof=true&sd=true",r465-fr2q.geojson
nyc_community_boards.geojson,"Being a New Yorker means playing an active role in shaping your local communities, and one way to do this is to get involved with your local community board. Use this data to find your community board and take part in shaping your neighborhood today! This data makes it easier for NYC residents to find their local community boards information. You can find the source of this data here: NYC Community Board Lookup. Here is another other resources related to this dataset: A Map of NYC Community District Boundaries.",ruf7-3wgc.geojson
privately_owned_public_spaces_pops.geojson,"Privately owned public spaces, also known by the acronym POPS, are outdoor and indoor spaces provided for public enjoyment by private owners in exchange for bonus floor area or waivers, an incentive first introduced into New York City's zoning regulations in 1961. To find out more about POPS, visit the Department of City Planning's website at http://nyc.gov/pops. This database contains detailed information about each privately owned public space in New York City. Data Source: Privately Owned Public Space Database (2018), owned and maintained by the New York City Department of City Planning and created in collaboration with Jerold S. Kayden and The Municipal Art Society of New York. All previously released versions of this data are available on the DCP Website: BYTES of the BIG APPLE . Current version: 25v2",rvih-nhyn.geojson
nyc-zip-code-tabulation-areas-polygons.geojson,,s3k2-6t4m.geojson
NYC_students_performing_english_language_arts.geojson,,sdom-v847.geojson
historic_districts.geojson,"Provides information regarding all historic districts that have calendared, heard, or designated by the Landmarks Preservation Commission, or for which an LP number has been issued, as well as many proposed districts in the study area phase.",skyk-mpzq.geojson
nypd_criminal_court_summons_historic.geojson,"List of every criminal summons issued in NYC going back to 2006 through the end of the previous calendar year. This is a breakdown of every criminal summons issued in NYC by the NYPD going back to 2006 through the end of the previous calendar year. This data is manually extracted every quarter and reviewed by the Office of Management Analysis and Planning before being posted on the NYPD website. Each record represents a criminal summons issued in NYC by the NYPD and includes information about the type of crime, the location and time of enforcement. In addition, information related to suspect demographics is also included. This data can be used by the public to explore the nature of police enforcement activity. Please refer to the attached data footnotes for additional information about this dataset.",sv2w-rv3k.geojson
2013_yellow_taxi_trip_data.geojson,"These records are generated from the trip record submissions made by yellow taxi Technology Service Providers (TSPs). Each row represents a single trip in a yellow taxi. The trip records include fields capturing pick-up and drop-off dates/times, pick-up and drop-off taxi zone locations, trip distances, itemized fares, rate types, payment types, and driver-reported passenger counts.",t7ny-aygi.geojson
parks_closure_status_due_to_covid_19_adult_exercise_equipment.geojson,"In response to the COVID-19 pandemic, NYC Parks temporarily closed several amenities, including Adult Exercise Equipment. This data collection contains the status of each Adult Exercise Equipment, and is subject to change. Although the data feed is refreshed daily, it may not reflect current conditions. Data Dictionary: https://docs.google.com/spreadsheets/d/1aaYE82BS-SYh-xjI-t_oyJcNEPFWJNPfdI7T220-rv4/edit#gid=1499621902",tkzt-zfpz.geojson
NYC_unemployment_rate.geojson,"Socioeconomic and Demographic Dataset This data element integrates multiple ACS profile tables (Demographics, Economics, Housing, and Social Characteristics) with NYC Neighborhood Tabulation Area (NTA) geometries. The ACS profiles provide population, housing, labor force, and social statistics. The NTA geometry dataset supplies official 2020 NTA boundaries in polygon format. The result is a single wide-format dataset keyed by NTA_code, with all attributes grouped, aligned… See the full description on the dataset page: https://huggingface.co/datasets/oscur/NYC_socioeconomic_and_demographic.",uawg-n271.geojson
pedestrian_ramp_locations.geojson,"Pedestrian ramps provide access on and off streets and sidewalks and are an essential tool for all pedestrians. This data is a comprehensive list of all pedestrian ramps throughout New York City. Please note that measurements shown are not indicative of whether a particular ramp is compliant with design and construction standards pursuant to the Americans with Disabilities Act (ADA). DOT applies additional parameters in its compliance assessment of the data collected by Cyclomedia, including specific site constraints located at or near a pedestrian ramp, otherwise referred to as a technical infeasibility in the ADA. The constraints that constitute a technical infeasibility can include but are not limited to elements such as underground vaults, transit facilities, steep terrain conditions, and limited public right-of-way, which are not readily apparent through the data and imagery collected. As such, compliance determinations at some locations require further analysis and site inspection. These locations are noted as “Pending Technical Review” in the published assessment available at: https://www.nycpedramps.info/survey.",ufzp-rrqu.geojson
raised_crosswalk_locations.geojson,A list of raised crosswalk locations throughout New York City.,uh2s-ftgh.geojson
open_streets_locations.geojson,New York City's Open Streets program transforms streets into public spaces open to all. These public spaces allows a variety of activities including education and cultural programming as well as building communities. For more information please visit: https://www.nyc.gov/html/dot/html/pedestrians/openstreets.shtml Please note: there may be a delay in updates to the Open Data files.,uiay-nctu.geojson
nypd_arrest_data_year_to_date.geojson,"This is a breakdown of every arrest effected in NYC by the NYPD during the current year. This data is manually extracted every quarter and reviewed by the Office of Management Analysis and Planning. Each record represents an arrest effected in NYC by the NYPD and includes information about the type of crime, the location and time of enforcement. In addition, information related to suspect demographics is also included. This data can be used by the public to explore the nature of police enforcement activity. Please refer to the attached data footnotes for additional information about this dataset.",uip8-fykc.geojson
2011_yellow_taxi_trip_data.geojson,"These records are generated from the trip record submissions made by yellow taxi Technology Service Providers (TSPs). Each row represents a single trip in a yellow taxi. The trip records include fields capturing pick-up and drop-off dates/times, pick-up and drop-off taxi zone locations, trip distances, itemized fares, rate types, payment types, and driver-reported passenger counts.",uwyp-dntv.geojson
housing_database_project_level_files.geojson,"Housing Density Dataset This data element calculates housing density across New York City using the NYC Department of City Planning (DCP) Housing Database by 2020 Community District Tabulation Areas (CDTAs). The dataset provides the total number of housing units (cenunits20) for each CDTA. The the_geom column contains polygon or multipolygon geometries representing 2020 CDTAs, which approximate Community District boundaries aligned with Census tract geography. Housing… See the full description on the dataset page: https://huggingface.co/datasets/oscur/NYC_housing_density.",uxt4-ugwr.geojson
in_service_alarm_box_locations.geojson,"This dataset contains the location of physical alarm boxes. It includes operational voice capable Emergency Reporting System (ERS) devices as well as pull-activated Box Alarm Reporting System (BARS) devices. Out-of-service BARS devices are not identified as such and may be included in this dataset. This dataset excludes the location of Class-3, Private Fire Alarm boxes.",v57i-gtxb.geojson
2018_central_park_squirrel_census_squirrel_data.geojson,"The Squirrel Census (https://www.thesquirrelcensus.com/) is a multimedia science, design, and storytelling project focusing on the Eastern gray (Sciurus carolinensis). They count squirrels and present their findings to the public. This table contains squirrel data for each of the 3,023 sightings, including location coordinates, age, primary and secondary fur color, elevation, activities, communications, and interactions between squirrels and with humans.",vfnx-vebw.geojson
outdoor_learning_streets_locations_historical.geojson,New York City is offering an Outdoor Learning program that allows schools to use the roadbed of the street for classes and social distancing during the COVID-19 crisis. Outdoor Learning - Streets (OL-S) are open weekdays from 7am-4pm.,vtjm-ngnu.geojson
electronics_drop_off_locations_in_nyc.geojson,"A list of locations where NYC residents can drop off unwanted electronics. It's illegal in New York State to include electronic devices with trash or recycling. For more information on how to handle unwanted electronics in NYC, see: https://www.nyc.gov/site/dsny/collection/get-rid-of/electronics.page.",wshr-5vic.geojson
parks_closure_status_due_to_covid_19_dog_runs.geojson,"In response to the COVID-19 pandemic, NYC Parks temporarily closed several amenities, including Dog Runs. This data collection contains the status of each Dog Run, and is subject to change. Although the data feed is refreshed daily, it may not reflect current conditions. Data Dictionary: https://docs.google.com/spreadsheets/d/1aaYE82BS-SYh-xjI-t_oyJcNEPFWJNPfdI7T220-rv4/edit#gid=1499621902",wswf-9pts.geojson
protected_streets_map_block_dataset.geojson,"This dataset lists all current protected streets throughout the five boroughs. Note: NYCDOT provides this map for informational purpose only. The City makes no presentation as to the accuracy of the content and assumes no liability for omissions or errors in information contains on the website. For the map, please follow this link.",wyih-3nzf.geojson
tlc_driver_education_24_hour_course_providers.geojson,This is a list of authorized providers who offer the TLC Driver License 24 hour TLC Driver Education Course and exam. All TLC Driver License applicants must complete the course and pass an 80-question multiple choice exam on a computer with a grade of 70% or higher (you must answer 56 out of 80 questions correctly in order to pass). The course covers the following topics: TLC rules and regulations; geography; safe driving skills; traffic rules; and customer service.,wzur-rhz9.geojson
street_pothole_work_orders_closed_dataset.geojson,"The Street Pothole Work Orders data consists of closed street potholes inspected and repaired by the New York City Department of Transportation. The dataset includes the pothole’s location, the date it was reported, and date the report was completed.",x9wy-ing4.geojson
dsny_garages.geojson,Location of DSNY garages. Essential to DSNY operations are our 59 garages across the five boroughs. This structure enables the Department’s uniformed personnel to efficiently perform regular duties – and quickly execute emergency response.,xw3j-2yxf.geojson
dcas_managed_public_buildings.geojson,"List of public buildings managed by the Department of Citywide Administrative Services, along with contact information for key building personnel",xx2p-4jnq.geojson
taxicab_partition_manufacturers_and_installers.geojson,Taxicab (SHL and Medallion) manufacturers and installers of partitions. Partitions are safety features of taxicabs that provide protection to the driver.,y9b6-624z.geojson
nyc_veteran_owned_businesses.geojson,"The dataset is a directory of self-reported Veteran Owned Businesses in New York City. Each record/row represents information submitted by Veteran business owners or majority owners in theses businesses. The businesses represent a cross-section of industries such as construction, restaurants, photographers, gardening, and office supplies. It also includes key business contact information as well as a list of a business’s city and state certifications.",ybdk-jmnn.geojson
NYC_median_rent.geojson,,ybrk-n615.geojson
overhead_electronic_signs.geojson,"Electronic Signs are used to display dynamic messages that advise drivers of street closures, delays, severe weather, and other road conditions.",yhdx-itry.geojson
property_valuation_and_assessment_data.geojson,Real Estate Assessment Property data. The Department of Finance values properties every year as one step in calculating property tax bills.,yjxr-fw8i.geojson
NYC_population.geojson,"Socioeconomic and Demographic Dataset This data element integrates multiple ACS profile tables (Demographics, Economics, Housing, and Social Characteristics) with NYC Neighborhood Tabulation Area (NTA) geometries. The ACS profiles provide population, housing, labor force, and social statistics. The NTA geometry dataset supplies official 2020 NTA boundaries in polygon format. The result is a single wide-format dataset keyed by NTA_code, with all attributes grouped, aligned… See the full description on the dataset page: https://huggingface.co/datasets/oscur/NYC_socioeconomic_and_demographic.",yodf-k658.geojson
NTA_Neighborhood_Tabulation_Areas.geojson,"NYC Planning created 2020 Neighborhood Tabulation Areas as medium-sized statistical geographies for reporting Decennial Census and American Community Survey data. They aggregate 2020 census tracts, nest within Community District Tabulation Areas, and balance geographic specificity with statistical reliability; their names and boundaries are not definitive neighborhood definitions.",9nt8-h7nd.geojson
NYC_libraries.geojson,"This is the library subset of NYC Planning's Facilities Database, which aggregates government-owned, operated, funded, licensed, or certified facilities and program sites. The source supports neighborhood planning and is published through the Capital Planning Facilities Explorer; users are directed to its documentation for analytical limitations.",7q5i-si2o.geojson
NYC_Wi-Fi_Hotspot_Locations.geojson,"NYC's public Wi-Fi hotspot catalog identifies access points operated by providers and partners including LinkNYC, NYCHA networks, park and neighborhood networks, cable franchisees, transit sites, payphone kiosks, and public libraries. Access terms vary by provider and location.",yjub-udmw.geojson
NYC_Schools.geojson,"This is the school subset of NYC Planning's Facilities Database, which aggregates government-owned, operated, funded, licensed, or certified facilities and program sites. The source supports neighborhood planning and is published through the Capital Planning Facilities Explorer; users are directed to its documentation for analytical limitations.",dk6a-vimn.geojson
Community_Districs.geojson,"NYC Planning's Community Districts source contains the city's community-district boundaries and Joint Interest Areas such as major parks and airports. Community districts are charter-mandated units for reviewing and monitoring neighborhood quality-of-life issues, and BoroCD is their unique identifier.",5crt-au7u.geojson
NYC_Bike_Routes.geojson,"NYC DOT's bike-routes source covers the current and historic network of designated bicycle routes and facilities. It represents routes as line segments with bicycle-facility types and relevant street information, and links to the agency's cycling program and network maps.",mzxg-pwib.geojson
MODZCTA.geojson,"NYC Health publishes Modified Zip Code Tabulation Areas for mapping data at a ZIP-like geography. The areas are based on the 2010 Census ZCTA shapefile and were used by the agency to map COVID-19 data.",pri4-ifjk.geojson
City_Council_Districs.geojson,"NYC Planning publishes the boundaries of New York City's City Council districts, including portions under water.",mkqi-d8x3.geojson
NYC_income_diversity_ratio.geojson,,y8ud-rvh9.geojson
